,0
0,mamba
1,samba
2,rumba
3,scuba
4,mecca
5,yucca
6,circa
7,panda
8,kinda
9,sulfa
10,omega
11,ragga
12,nigga
13,taiga
14,manga
15,conga
16,dacha
17,mocha
18,aloha
19,alpha
20,pasha
21,labia
22,tibia
23,media
24,mafia
25,cilia
26,mania
27,sepia
28,maria
29,atria
30,stria
31,curia
32,ganja
33,ninja
34,vodka
35,pukka
36,polka
37,parka
38,burka
39,koala
40,tabla
41,voila
42,calla
43,fella
44,villa
45,viola
46,uvula
47,phyla
48,llama
49,drama
50,edema
51,enema
52,magma
53,sigma
54,dogma
55,gamma
56,mamma
57,lemma
58,comma
59,aroma
60,karma
61,korma
62,arena
63,hyena
64,china
65,manna
66,wanna
67,henna
68,senna
69,gonna
70,krona
71,fauna
72,sauna
73,cocoa
74,kappa
75,poppa
76,cuppa
77,tiara
78,sabra
79,zebra
80,umbra
81,cobra
82,sacra
83,hydra
84,opera
85,infra
86,flora
87,copra
88,supra
89,tetra
90,ultra
91,extra
92,balsa
93,salsa
94,versa
95,bursa
96,fossa
97,dicta
98,theta
99,delta
100,manta
101,junta
102,quota
103,lepta
104,septa
105,aorta
106,sorta
107,pasta
108,vista
109,pitta
110,gotta
111,outta
112,sputa
113,guava
114,vulva
115,larva
116,schwa
117,fatwa
118,plaza
119,pizza
120,kebab
121,vocab
122,rehab
123,hijab
124,squab
125,dweeb
126,celeb
127,sahib
128,squib
129,climb
130,thumb
131,plumb
132,crumb
133,nabob
134,demob
135,carob
136,throb
137,blurb
138,exurb
139,scrub
140,shrub
141,lilac
142,sumac
143,cubic
144,pubic
145,medic
146,magic
147,logic
148,yogic
149,ethic
150,relic
151,colic
152,folic
153,mimic
154,comic
155,manic
156,panic
157,conic
158,ionic
159,sonic
160,tonic
161,runic
162,tunic
163,cynic
164,stoic
165,topic
166,aspic
167,lyric
168,basic
169,music
170,antic
171,optic
172,attic
173,civic
174,toxic
175,franc
176,bronc
177,assoc
178,havoc
179,ahead
180,plead
181,knead
182,bread
183,dread
184,tread
185,stead
186,jihad
187,naiad
188,triad
189,salad
190,nomad
191,gonad
192,broad
193,farad
194,squad
195,dryad
196,baaed
197,ebbed
198,gibed
199,jibed
200,embed
201,lobed
202,robed
203,cubed
204,lubed
205,tubed
206,faced
207,laced
208,maced
209,paced
210,raced
211,diced
212,riced
213,viced
214,inced
215,arced
216,faded
217,jaded
218,laded
219,waded
220,added
221,ceded
222,aided
223,hided
224,sided
225,tided
226,ended
227,boded
228,coded
229,duded
230,bleed
231,kneed
232,speed
233,breed
234,creed
235,freed
236,greed
237,treed
238,steed
239,tweed
240,effed
241,offed
242,unfed
243,caged
244,paged
245,raged
246,waged
247,edged
248,egged
249,urged
250,ached
251,oohed
252,ashed
253,shied
254,skied
255,flied
256,plied
257,spied
258,cried
259,dried
260,fried
261,pried
262,tried
263,ivied
264,baked
265,caked
266,faked
267,naked
268,raked
269,waked
270,biked
271,diked
272,hiked
273,liked
274,miked
275,piked
276,inked
277,coked
278,hoked
279,joked
280,poked
281,toked
282,yoked
283,irked
284,asked
285,nuked
286,puked
287,baled
288,haled
289,paled
290,waled
291,idled
292,ogled
293,ailed
294,filed
295,oiled
296,piled
297,riled
298,tiled
299,wiled
300,doled
301,holed
302,poled
303,soled
304,puled
305,ruled
306,famed
307,gamed
308,lamed
309,named
310,tamed
311,aimed
312,limed
313,mimed
314,rimed
315,timed
316,domed
317,homed
318,armed
319,fumed
320,caned
321,maned
322,waned
323,dined
324,fined
325,lined
326,mined
327,pined
328,wined
329,boned
330,coned
331,honed
332,toned
333,zoned
334,tuned
335,owned
336,pwned
337,booed
338,cooed
339,mooed
340,pooed
341,wooed
342,caped
343,gaped
344,japed
345,raped
346,taped
347,vaped
348,biped
349,piped
350,wiped
351,umped
352,coped
353,doped
354,hoped
355,loped
356,moped
357,roped
358,upped
359,duped
360,hyped
361,typed
362,bared
363,cared
364,dared
365,eared
366,fared
367,hared
368,oared
369,pared
370,rared
371,tared
372,shred
373,aired
374,fired
375,hired
376,mired
377,sired
378,tired
379,wired
380,bored
381,cored
382,gored
383,pored
384,erred
385,cured
386,lured
387,based
388,cased
389,eased
390,lased
391,vised
392,wised
393,dosed
394,hosed
395,nosed
396,posed
397,arsed
398,bused
399,fused
400,mused
401,bated
402,dated
403,fated
404,gated
405,hated
406,mated
407,rated
408,sated
409,acted
410,feted
411,meted
412,cited
413,kited
414,sited
415,anted
416,doted
417,noted
418,toted
419,voted
420,opted
421,muted
422,outed
423,blued
424,clued
425,glued
426,slued
427,trued
428,caved
429,laved
430,paved
431,raved
432,saved
433,waved
434,dived
435,hived
436,jived
437,lived
438,rived
439,wived
440,loved
441,moved
442,roved
443,gyved
444,cawed
445,hawed
446,jawed
447,pawed
448,sawed
449,yawed
450,hewed
451,mewed
452,rewed
453,sewed
454,unwed
455,bowed
456,cowed
457,lowed
458,mowed
459,rowed
460,sowed
461,towed
462,vowed
463,wowed
464,faxed
465,maxed
466,taxed
467,waxed
468,hexed
469,sexed
470,vexed
471,fixed
472,mixed
473,nixed
474,boxed
475,coxed
476,foxed
477,bayed
478,hayed
479,payed
480,keyed
481,joyed
482,toyed
483,guyed
484,dazed
485,fazed
486,gazed
487,hazed
488,lazed
489,razed
490,sized
491,dozed
492,oozed
493,plaid
494,braid
495,staid
496,rabid
497,rebid
498,unbid
499,lucid
500,redid
501,undid
502,rigid
503,aphid
504,valid
505,gelid
506,solid
507,timid
508,humid
509,tumid
510,droid
511,avoid
512,ovoid
513,rapid
514,vapid
515,tepid
516,lipid
517,cupid
518,acrid
519,lurid
520,fetid
521,fluid
522,squid
523,druid
524,livid
525,vivid
526,scald
527,field
528,wield
529,yield
530,child
531,build
532,guild
533,scold
534,world
535,could
536,would
537,viand
538,bland
539,eland
540,gland
541,brand
542,grand
543,stand
544,fiend
545,blend
546,amend
547,emend
548,spend
549,upend
550,trend
551,blind
552,grind
553,blond
554,frond
555,bound
556,found
557,hound
558,mound
559,pound
560,round
561,sound
562,wound
563,synod
564,blood
565,flood
566,snood
567,brood
568,stood
569,scrod
570,beard
571,heard
572,chard
573,shard
574,board
575,hoard
576,guard
577,award
578,sward
579,laird
580,weird
581,third
582,chord
583,fjord
584,sword
585,gourd
586,contd
587,fraud
588,pseud
589,aloud
590,cloud
591,proud
592,crowd
593,alkyd
594,algae
595,ulnae
596,pupae
597,vitae
598,novae
599,plebe
600,grebe
601,bribe
602,tribe
603,adobe
604,globe
605,probe
606,maybe
607,peace
608,glace
609,place
610,apace
611,space
612,brace
613,grace
614,trace
615,recce
616,niece
617,piece
618,deice
619,slice
620,voice
621,spice
622,price
623,trice
624,juice
625,twice
626,dance
627,lance
628,fence
629,hence
630,pence
631,mince
632,since
633,wince
634,bonce
635,nonce
636,ponce
637,dunce
638,ounce
639,farce
640,force
641,sauce
642,educe
643,deuce
644,truce
645,shade
646,blade
647,glade
648,spade
649,grade
650,trade
651,evade
652,suede
653,swede
654,abide
655,chide
656,elide
657,glide
658,slide
659,amide
660,snide
661,bride
662,pride
663,aside
664,guide
665,oxide
666,tilde
667,abode
668,geode
669,diode
670,anode
671,erode
672,horde
673,elude
674,crude
675,prude
676,etude
677,exude
678,emcee
679,melee
680,ranee
681,tepee
682,topee
683,rupee
684,scree
685,agree
686,three
687,spree
688,puree
689,fusee
690,levee
691,pewee
692,payee
693,chafe
694,gaffe
695,knife
696,adage
697,phage
698,image
699,usage
700,stage
701,badge
702,cadge
703,wadge
704,hedge
705,ledge
706,sedge
707,wedge
708,midge
709,ridge
710,bodge
711,dodge
712,lodge
713,wodge
714,budge
715,fudge
716,judge
717,nudge
718,liege
719,siege
720,beige
721,bilge
722,bulge
723,mange
724,range
725,binge
726,hinge
727,singe
728,tinge
729,gunge
730,lunge
731,barge
732,large
733,marge
734,sarge
735,merge
736,serge
737,verge
738,dirge
739,forge
740,gorge
741,purge
742,surge
743,gauge
744,kluge
745,gouge
746,rouge
747,cache
748,fiche
749,niche
750,bathe
751,lathe
752,lithe
753,tithe
754,withe
755,oldie
756,indie
757,bogie
758,dogie
759,belie
760,ramie
761,genie
762,aerie
763,eerie
764,curie
765,retie
766,untie
767,cutie
768,movie
769,pixie
770,moxie
771,shake
772,flake
773,slake
774,snake
775,spake
776,brake
777,drake
778,stake
779,quake
780,awake
781,alike
782,spike
783,trike
784,choke
785,bloke
786,smoke
787,spoke
788,broke
789,stoke
790,evoke
791,awoke
792,fluke
793,scale
794,shale
795,whale
796,stale
797,cable
798,fable
799,gable
800,sable
801,table
802,bible
803,amble
804,noble
805,ruble
806,uncle
807,cycle
808,ladle
809,addle
810,sidle
811,rifle
812,eagle
813,angle
814,bugle
815,agile
816,while
817,smile
818,voile
819,stile
820,guile
821,exile
822,ankle
823,belle
824,tulle
825,thole
826,whole
827,prole
828,stole
829,maple
830,ample
831,apple
832,duple
833,tuple
834,aisle
835,lisle
836,title
837,joule
838,ovule
839,style
840,shame
841,blame
842,flame
843,frame
844,theme
845,creme
846,chime
847,clime
848,slime
849,anime
850,crime
851,grime
852,prime
853,lemme
854,gimme
855,gnome
856,flume
857,plume
858,spume
859,chyme
860,rhyme
861,thyme
862,thane
863,plane
864,inane
865,crane
866,scene
867,seine
868,chine
869,shine
870,thine
871,whine
872,amine
873,opine
874,spine
875,brine
876,urine
877,quine
878,swine
879,twine
880,tonne
881,scone
882,phone
883,shone
884,alone
885,clone
886,crone
887,drone
888,krone
889,prone
890,atone
891,stone
892,ozone
893,borne
894,prune
895,pekoe
896,canoe
897,throe
898,agape
899,shape
900,crape
901,drape
902,grape
903,crepe
904,snipe
905,gripe
906,tripe
907,swipe
908,scope
909,elope
910,slope
911,grope
912,trope
913,taupe
914,coupe
915,drupe
916,scare
917,share
918,blare
919,flare
920,glare
921,snare
922,spare
923,stare
924,aware
925,nacre
926,lucre
927,cadre
928,padre
929,there
930,where
931,afire
932,shire
933,moire
934,spire
935,quire
936,genre
937,score
938,adore
939,chore
940,shore
941,whore
942,snore
943,spore
944,store
945,swore
946,barre
947,outre
948,inure
949,azure
950,abase
951,cease
952,lease
953,tease
954,chase
955,phase
956,ukase
957,blase
958,erase
959,obese
960,geese
961,these
962,raise
963,anise
964,noise
965,poise
966,arise
967,guise
968,false
969,pulse
970,manse
971,dense
972,sense
973,tense
974,rinse
975,chose
976,those
977,whose
978,close
979,goose
980,loose
981,moose
982,noose
983,arose
984,prose
985,lapse
986,copse
987,parse
988,terse
989,verse
990,gorse
991,horse
992,worse
993,curse
994,nurse
995,purse
996,passe
997,posse
998,cause
999,pause
1000,abuse
1001,reuse
1002,amuse
1003,douse
1004,house
1005,louse
1006,mouse
1007,rouse
1008,souse
1009,cruse
1010,dowse
1011,abate
1012,agate
1013,skate
1014,elate
1015,plate
1016,slate
1017,spate
1018,crate
1019,grate
1020,irate
1021,orate
1022,prate
1023,state
1024,ovate
1025,white
1026,elite
1027,smite
1028,unite
1029,spite
1030,trite
1031,write
1032,quite
1033,suite
1034,emote
1035,smote
1036,wrote
1037,quote
1038,forte
1039,torte
1040,baste
1041,caste
1042,haste
1043,paste
1044,taste
1045,waste
1046,piste
1047,latte
1048,matte
1049,butte
1050,saute
1051,acute
1052,chute
1053,flute
1054,route
1055,brute
1056,imbue
1057,endue
1058,undue
1059,queue
1060,vague
1061,segue
1062,rogue
1063,vogue
1064,argue
1065,fugue
1066,value
1067,venue
1068,pique
1069,toque
1070,tuque
1071,ensue
1072,issue
1073,revue
1074,heave
1075,leave
1076,weave
1077,agave
1078,shave
1079,slave
1080,knave
1081,brave
1082,crave
1083,grave
1084,stave
1085,suave
1086,peeve
1087,reeve
1088,sieve
1089,breve
1090,naive
1091,waive
1092,chive
1093,skive
1094,alive
1095,olive
1096,drive
1097,calve
1098,halve
1099,salve
1100,valve
1101,delve
1102,helve
1103,solve
1104,above
1105,shove
1106,clove
1107,glove
1108,drove
1109,grove
1110,prove
1111,trove
1112,stove
1113,carve
1114,nerve
1115,serve
1116,verve
1117,curve
1118,mauve
1119,redye
1120,blaze
1121,glaze
1122,amaze
1123,braze
1124,craze
1125,graze
1126,baize
1127,maize
1128,seize
1129,prize
1130,booze
1131,froze
1132,furze
1133,gauze
1134,decaf
1135,sheaf
1136,pilaf
1137,chief
1138,thief
1139,brief
1140,grief
1141,chaff
1142,staff
1143,quaff
1144,whiff
1145,skiff
1146,cliff
1147,sniff
1148,spiff
1149,stiff
1150,quiff
1151,scoff
1152,scuff
1153,bluff
1154,fluff
1155,snuff
1156,gruff
1157,stuff
1158,serif
1159,motif
1160,shelf
1161,aloof
1162,spoof
1163,proof
1164,scarf
1165,wharf
1166,snarf
1167,dwarf
1168,scurf
1169,smurf
1170,gulag
1171,scrag
1172,rejig
1173,sprig
1174,clang
1175,slang
1176,prang
1177,twang
1178,acing
1179,icing
1180,dding
1181,being
1182,aging
1183,thing
1184,piing
1185,eking
1186,bling
1187,cling
1188,fling
1189,sling
1190,doing
1191,going
1192,aping
1193,oping
1194,bring
1195,wring
1196,using
1197,sting
1198,cuing
1199,ruing
1200,suing
1201,awing
1202,owing
1203,swing
1204,axing
1205,dying
1206,hying
1207,lying
1208,tying
1209,vying
1210,thong
1211,along
1212,among
1213,prong
1214,wrong
1215,clung
1216,flung
1217,slung
1218,young
1219,wrung
1220,stung
1221,swung
1222,befog
1223,defog
1224,scrog
1225,sprog
1226,reorg
1227,debug
1228,shrug
1229,rajah
1230,beach
1231,leach
1232,peach
1233,reach
1234,teach
1235,coach
1236,poach
1237,roach
1238,beech
1239,leech
1240,which
1241,belch
1242,filch
1243,milch
1244,zilch
1245,gulch
1246,mulch
1247,ranch
1248,bench
1249,tench
1250,wench
1251,cinch
1252,finch
1253,pinch
1254,winch
1255,conch
1256,bunch
1257,hunch
1258,lunch
1259,munch
1260,punch
1261,lynch
1262,hooch
1263,mooch
1264,pooch
1265,epoch
1266,larch
1267,march
1268,parch
1269,perch
1270,birch
1271,porch
1272,torch
1273,zorch
1274,lurch
1275,batch
1276,catch
1277,hatch
1278,latch
1279,match
1280,natch
1281,patch
1282,watch
1283,fetch
1284,ketch
1285,retch
1286,vetch
1287,aitch
1288,bitch
1289,ditch
1290,hitch
1291,pitch
1292,titch
1293,witch
1294,botch
1295,notch
1296,butch
1297,dutch
1298,hutch
1299,couch
1300,pouch
1301,touch
1302,vouch
1303,psych
1304,neigh
1305,weigh
1306,thigh
1307,burgh
1308,laugh
1309,bough
1310,cough
1311,dough
1312,lough
1313,rough
1314,sough
1315,tough
1316,graph
1317,staph
1318,sylph
1319,oomph
1320,bumph
1321,humph
1322,lymph
1323,nymph
1324,morph
1325,glyph
1326,myrrh
1327,abash
1328,leash
1329,clash
1330,flash
1331,plash
1332,slash
1333,smash
1334,gnash
1335,brash
1336,crash
1337,trash
1338,stash
1339,quash
1340,awash
1341,swash
1342,flesh
1343,fresh
1344,phish
1345,knish
1346,apish
1347,swish
1348,welsh
1349,slosh
1350,frosh
1351,harsh
1352,marsh
1353,shush
1354,blush
1355,flush
1356,plush
1357,slush
1358,brush
1359,crush
1360,death
1361,heath
1362,neath
1363,loath
1364,wrath
1365,swath
1366,width
1367,teeth
1368,fifth
1369,faith
1370,saith
1371,smith
1372,filth
1373,tenth
1374,ninth
1375,month
1376,synth
1377,cloth
1378,sloth
1379,booth
1380,sooth
1381,tooth
1382,broth
1383,froth
1384,troth
1385,wroth
1386,quoth
1387,depth
1388,earth
1389,berth
1390,birth
1391,firth
1392,girth
1393,mirth
1394,forth
1395,north
1396,worth
1397,mouth
1398,south
1399,youth
1400,truth
1401,sixth
1402,lanai
1403,rabbi
1404,alibi
1405,iambi
1406,nimbi
1407,cocci
1408,nisei
1409,fungi
1410,corgi
1411,sushi
1412,radii
1413,xviii
1414,xxiii
1415,genii
1416,xcvii
1417,clvii
1418,lxvii
1419,xxvii
1420,clxii
1421,xxxii
1422,bhaji
1423,hajji
1424,kanji
1425,emoji
1426,khaki
1427,chili
1428,villi
1429,styli
1430,swami
1431,blini
1432,jinni
1433,okapi
1434,carpi
1435,uteri
1436,cirri
1437,houri
1438,quasi
1439,tarsi
1440,cacti
1441,mufti
1442,multi
1443,dhoti
1444,tutti
1445,ennui
1446,clxvi
1447,xxxvi
1448,bleak
1449,sneak
1450,speak
1451,break
1452,creak
1453,freak
1454,wreak
1455,steak
1456,tweak
1457,umiak
1458,cloak
1459,croak
1460,kayak
1461,muzak
1462,aback
1463,shack
1464,whack
1465,alack
1466,black
1467,clack
1468,flack
1469,slack
1470,smack
1471,knack
1472,snack
1473,crack
1474,frack
1475,track
1476,wrack
1477,stack
1478,quack
1479,check
1480,fleck
1481,speck
1482,wreck
1483,chick
1484,thick
1485,click
1486,flick
1487,slick
1488,snick
1489,hoick
1490,brick
1491,crick
1492,prick
1493,trick
1494,stick
1495,quick
1496,chock
1497,shock
1498,block
1499,clock
1500,flock
1501,smock
1502,knock
1503,crock
1504,frock
1505,stock
1506,chuck
1507,shuck
1508,cluck
1509,pluck
1510,truck
1511,stuck
1512,cheek
1513,sleek
1514,creek
1515,batik
1516,chalk
1517,stalk
1518,whelk
1519,caulk
1520,skulk
1521,shank
1522,thank
1523,blank
1524,clank
1525,flank
1526,plank
1527,spank
1528,crank
1529,drank
1530,frank
1531,prank
1532,stank
1533,swank
1534,chink
1535,think
1536,blink
1537,clink
1538,slink
1539,boink
1540,brink
1541,drink
1542,stink
1543,twink
1544,clonk
1545,plonk
1546,chunk
1547,thunk
1548,skunk
1549,clunk
1550,flunk
1551,plunk
1552,slunk
1553,spunk
1554,drunk
1555,trunk
1556,stunk
1557,shook
1558,spook
1559,brook
1560,crook
1561,kapok
1562,shark
1563,snark
1564,spark
1565,stark
1566,quark
1567,clerk
1568,twerk
1569,shirk
1570,smirk
1571,quirk
1572,stork
1573,flask
1574,whisk
1575,brisk
1576,frisk
1577,kiosk
1578,kraal
1579,cabal
1580,tubal
1581,cecal
1582,decal
1583,fecal
1584,focal
1585,local
1586,vocal
1587,ducal
1588,medal
1589,pedal
1590,tidal
1591,modal
1592,nodal
1593,ideal
1594,wheal
1595,areal
1596,steal
1597,offal
1598,legal
1599,regal
1600,algal
1601,fugal
1602,phial
1603,trial
1604,axial
1605,halal
1606,banal
1607,canal
1608,penal
1609,renal
1610,venal
1611,final
1612,tonal
1613,zonal
1614,shoal
1615,skoal
1616,papal
1617,sepal
1618,pupal
1619,feral
1620,viral
1621,coral
1622,moral
1623,aural
1624,mural
1625,rural
1626,basal
1627,nasal
1628,sisal
1629,fatal
1630,natal
1631,octal
1632,fetal
1633,metal
1634,petal
1635,vital
1636,total
1637,equal
1638,usual
1639,naval
1640,rival
1641,riyal
1642,loyal
1643,royal
1644,babel
1645,label
1646,rebel
1647,libel
1648,umbel
1649,excel
1650,model
1651,yodel
1652,wheel
1653,kneel
1654,creel
1655,steel
1656,bagel
1657,angel
1658,spiel
1659,oriel
1660,yokel
1661,camel
1662,panel
1663,lapel
1664,repel
1665,impel
1666,expel
1667,morel
1668,easel
1669,betel
1670,hotel
1671,motel
1672,cruel
1673,gruel
1674,gavel
1675,navel
1676,ravel
1677,bevel
1678,level
1679,revel
1680,hovel
1681,novel
1682,jewel
1683,newel
1684,bowel
1685,dowel
1686,rowel
1687,towel
1688,vowel
1689,pixel
1690,hazel
1691,bezel
1692,flail
1693,email
1694,snail
1695,frail
1696,grail
1697,trail
1698,quail
1699,avail
1700,vigil
1701,spoil
1702,broil
1703,pupil
1704,peril
1705,basil
1706,until
1707,cavil
1708,devil
1709,civil
1710,anvil
1711,shall
1712,small
1713,stall
1714,shell
1715,smell
1716,knell
1717,spell
1718,quell
1719,dwell
1720,swell
1721,chill
1722,shill
1723,skill
1724,spill
1725,brill
1726,drill
1727,frill
1728,grill
1729,krill
1730,trill
1731,still
1732,quill
1733,swill
1734,twill
1735,knoll
1736,droll
1737,troll
1738,atoll
1739,scull
1740,skull
1741,idyll
1742,spool
1743,drool
1744,stool
1745,carol
1746,extol
1747,suppl
1748,pearl
1749,gnarl
1750,snarl
1751,whirl
1752,swirl
1753,twirl
1754,whorl
1755,churl
1756,knurl
1757,ioctl
1758,awful
1759,mogul
1760,annul
1761,afoul
1762,ghoul
1763,shawl
1764,brawl
1765,crawl
1766,drawl
1767,trawl
1768,scowl
1769,growl
1770,prowl
1771,sibyl
1772,ethyl
1773,vinyl
1774,beryl
1775,madam
1776,abeam
1777,gleam
1778,bream
1779,cream
1780,dream
1781,steam
1782,scram
1783,modem
1784,xylem
1785,harem
1786,totem
1787,claim
1788,bedim
1789,denim
1790,minim
1791,scrim
1792,maxim
1793,realm
1794,psalm
1795,qualm
1796,whelm
1797,idiom
1798,axiom
1799,venom
1800,bloom
1801,gloom
1802,broom
1803,groom
1804,carom
1805,besom
1806,bosom
1807,buxom
1808,rearm
1809,charm
1810,alarm
1811,swarm
1812,therm
1813,sperm
1814,xterm
1815,storm
1816,chasm
1817,spasm
1818,deism
1819,prism
1820,sebum
1821,album
1822,cecum
1823,locum
1824,rheum
1825,ileum
1826,begum
1827,odium
1828,ilium
1829,opium
1830,oakum
1831,hokum
1832,velum
1833,scrum
1834,serum
1835,thrum
1836,forum
1837,strum
1838,durum
1839,datum
1840,urban
1841,pecan
1842,sedan
1843,paean
1844,ocean
1845,clean
1846,glean
1847,pagan
1848,began
1849,vegan
1850,hogan
1851,organ
1852,avian
1853,adman
1854,unman
1855,roman
1856,woman
1857,human
1858,groan
1859,japan
1860,saran
1861,reran
1862,titan
1863,divan
1864,rowan
1865,laden
1866,widen
1867,olden
1868,sheen
1869,green
1870,preen
1871,queen
1872,tween
1873,ashen
1874,alien
1875,oaken
1876,taken
1877,waken
1878,liken
1879,token
1880,woken
1881,admen
1882,semen
1883,women
1884,lumen
1885,hymen
1886,linen
1887,ripen
1888,aspen
1889,siren
1890,risen
1891,eaten
1892,oaten
1893,often
1894,haven
1895,maven
1896,raven
1897,seven
1898,given
1899,liven
1900,riven
1901,coven
1902,woven
1903,waxen
1904,vixen
1905,boxen
1906,doyen
1907,cozen
1908,dozen
1909,deign
1910,feign
1911,reign
1912,align
1913,again
1914,chain
1915,plain
1916,slain
1917,brain
1918,drain
1919,grain
1920,train
1921,stain
1922,swain
1923,twain
1924,cabin
1925,robin
1926,skein
1927,stein
1928,elfin
1929,begin
1930,login
1931,gamin
1932,admin
1933,cumin
1934,groin
1935,quoin
1936,lapin
1937,unpin
1938,basin
1939,resin
1940,rosin
1941,satin
1942,bruin
1943,toxin
1944,auxin
1945,bacon
1946,recon
1947,radon
1948,codon
1949,wagon
1950,bogon
1951,logon
1952,argon
1953,scion
1954,anion
1955,onion
1956,union
1957,prion
1958,halon
1959,salon
1960,talon
1961,felon
1962,melon
1963,colon
1964,nylon
1965,pylon
1966,demon
1967,lemon
1968,canon
1969,tenon
1970,xenon
1971,pinon
1972,spoon
1973,croon
1974,swoon
1975,capon
1976,baron
1977,heron
1978,boron
1979,moron
1980,apron
1981,mason
1982,meson
1983,bison
1984,arson
1985,baton
1986,piton
1987,futon
1988,gluon
1989,taxon
1990,rayon
1991,learn
1992,yearn
1993,stern
1994,bairn
1995,cairn
1996,acorn
1997,scorn
1998,adorn
1999,thorn
2000,sworn
2001,churn
2002,mourn
2003,spurn
2004,begun
2005,rerun
2006,spawn
2007,brawn
2008,drawn
2009,prawn
2010,shewn
2011,shown
2012,blown
2013,clown
2014,flown
2015,known
2016,brown
2017,crown
2018,drown
2019,frown
2020,grown
2021,cacao
2022,yobbo
2023,mambo
2024,bimbo
2025,limbo
2026,combo
2027,dumbo
2028,gumbo
2029,jumbo
2030,turbo
2031,bunco
2032,junco
2033,disco
2034,kiddo
2035,credo
2036,waldo
2037,dildo
2038,condo
2039,rondo
2040,misdo
2041,outdo
2042,video
2043,rodeo
2044,cameo
2045,romeo
2046,vireo
2047,boffo
2048,imago
2049,amigo
2050,mango
2051,tango
2052,bingo
2053,dingo
2054,lingo
2055,bongo
2056,cargo
2057,largo
2058,forgo
2059,outgo
2060,macho
2061,nacho
2062,radio
2063,stdio
2064,audio
2065,folio
2066,polio
2067,curio
2068,patio
2069,ratio
2070,banjo
2071,wacko
2072,gecko
2073,sicko
2074,pinko
2075,cello
2076,hello
2077,jello
2078,chemo
2079,schmo
2080,promo
2081,gizmo
2082,piano
2083,llano
2084,guano
2085,steno
2086,chino
2087,rhino
2088,amino
2089,dunno
2090,porno
2091,taboo
2092,yahoo
2093,achoo
2094,igloo
2095,kazoo
2096,wazoo
2097,tempo
2098,compo
2099,hippo
2100,dobro
2101,macro
2102,micro
2103,hydro
2104,negro
2105,aggro
2106,burro
2107,metro
2108,retro
2109,nitro
2110,intro
2111,whoso
2112,dipso
2113,verso
2114,torso
2115,basso
2116,lasso
2117,fatso
2118,recto
2119,canto
2120,panto
2121,lento
2122,pinto
2123,photo
2124,pesto
2125,gusto
2126,ditto
2127,lotto
2128,motto
2129,bravo
2130,salvo
2131,servo
2132,gonzo
2133,matzo
2134,mezzo
2135,recap
2136,uncap
2137,cheap
2138,remap
2139,scrap
2140,strap
2141,bicep
2142,cheep
2143,sheep
2144,bleep
2145,sleep
2146,creep
2147,steep
2148,sweep
2149,julep
2150,strep
2151,tulip
2152,scrip
2153,strip
2154,equip
2155,unzip
2156,scalp
2157,whelp
2158,scamp
2159,champ
2160,clamp
2161,cramp
2162,tramp
2163,stamp
2164,swamp
2165,chimp
2166,skimp
2167,blimp
2168,crimp
2169,primp
2170,chomp
2171,clomp
2172,tromp
2173,stomp
2174,chump
2175,thump
2176,clump
2177,plump
2178,slump
2179,frump
2180,grump
2181,trump
2182,stump
2183,bebop
2184,scoop
2185,whoop
2186,bloop
2187,sloop
2188,snoop
2189,droop
2190,troop
2191,stoop
2192,swoop
2193,strop
2194,sysop
2195,scarp
2196,sharp
2197,twerp
2198,chirp
2199,slurp
2200,usurp
2201,clasp
2202,grasp
2203,crisp
2204,pinup
2205,sunup
2206,croup
2207,group
2208,stoup
2209,popup
2210,syrup
2211,getup
2212,letup
2213,setup
2214,cutup
2215,layup
2216,polyp
2217,debar
2218,unbar
2219,lobar
2220,vicar
2221,radar
2222,cedar
2223,shear
2224,blear
2225,clear
2226,smear
2227,spear
2228,drear
2229,swear
2230,cigar
2231,sugar
2232,friar
2233,velar
2234,molar
2235,polar
2236,solar
2237,dinar
2238,ulnar
2239,sonar
2240,lunar
2241,sitar
2242,altar
2243,attar
2244,caber
2245,saber
2246,fiber
2247,amber
2248,ember
2249,umber
2250,sober
2251,cuber
2252,tuber
2253,pacer
2254,racer
2255,nicer
2256,ricer
2257,ulcer
2258,wader
2259,adder
2260,odder
2261,udder
2262,ceder
2263,cider
2264,eider
2265,hider
2266,rider
2267,wider
2268,alder
2269,elder
2270,older
2271,under
2272,coder
2273,order
2274,nuder
2275,ruder
2276,cheer
2277,sheer
2278,sneer
2279,freer
2280,steer
2281,queer
2282,safer
2283,wafer
2284,defer
2285,refer
2286,offer
2287,fifer
2288,lifer
2289,rifer
2290,infer
2291,gofer
2292,eager
2293,lager
2294,pager
2295,sager
2296,wager
2297,edger
2298,tiger
2299,anger
2300,roger
2301,auger
2302,huger
2303,ocher
2304,usher
2305,ether
2306,other
2307,icier
2308,shier
2309,skier
2310,flier
2311,slier
2312,brier
2313,crier
2314,drier
2315,prier
2316,trier
2317,osier
2318,baker
2319,faker
2320,maker
2321,taker
2322,ocker
2323,biker
2324,hiker
2325,liker
2326,piker
2327,joker
2328,poker
2329,baler
2330,haler
2331,paler
2332,abler
2333,idler
2334,ogler
2335,filer
2336,miler
2337,tiler
2338,viler
2339,ruler
2340,gamer
2341,lamer
2342,tamer
2343,dimer
2344,timer
2345,comer
2346,homer
2347,caner
2348,saner
2349,diner
2350,finer
2351,liner
2352,miner
2353,inner
2354,boner
2355,goner
2356,honer
2357,loner
2358,toner
2359,tuner
2360,owner
2361,wooer
2362,caper
2363,paper
2364,raper
2365,taper
2366,leper
2367,piper
2368,riper
2369,viper
2370,wiper
2371,imper
2372,doper
2373,moper
2374,roper
2375,upper
2376,duper
2377,super
2378,hyper
2379,barer
2380,carer
2381,darer
2382,parer
2383,rarer
2384,serer
2385,direr
2386,firer
2387,borer
2388,corer
2389,sorer
2390,curer
2391,purer
2392,surer
2393,baser
2394,laser
2395,maser
2396,taser
2397,miser
2398,riser
2399,wiser
2400,loser
2401,poser
2402,cater
2403,dater
2404,eater
2405,hater
2406,later
2407,mater
2408,rater
2409,tater
2410,water
2411,deter
2412,meter
2413,peter
2414,after
2415,biter
2416,liter
2417,miter
2418,niter
2419,alter
2420,enter
2421,inter
2422,doter
2423,voter
2424,apter
2425,aster
2426,ester
2427,otter
2428,utter
2429,cuter
2430,muter
2431,outer
2432,bluer
2433,truer
2434,caver
2435,raver
2436,saver
2437,waver
2438,fever
2439,lever
2440,never
2441,sever
2442,diver
2443,fiver
2444,giver
2445,liver
2446,river
2447,elver
2448,cover
2449,hover
2450,lover
2451,mover
2452,rover
2453,rawer
2454,fewer
2455,hewer
2456,newer
2457,sewer
2458,bower
2459,cower
2460,dower
2461,lower
2462,mower
2463,power
2464,rower
2465,sower
2466,tower
2467,laxer
2468,taxer
2469,lexer
2470,fixer
2471,mixer
2472,boxer
2473,fayer
2474,gayer
2475,layer
2476,payer
2477,shyer
2478,coyer
2479,foyer
2480,dryer
2481,fryer
2482,wryer
2483,buyer
2484,gazer
2485,hazer
2486,sizer
2487,chair
2488,flair
2489,stair
2490,nadir
2491,their
2492,fakir
2493,choir
2494,tapir
2495,astir
2496,labor
2497,tabor
2498,arbor
2499,decor
2500,ardor
2501,rigor
2502,vigor
2503,abhor
2504,prior
2505,major
2506,valor
2507,color
2508,dolor
2509,armor
2510,humor
2511,rumor
2512,tumor
2513,manor
2514,senor
2515,tenor
2516,minor
2517,donor
2518,honor
2519,floor
2520,spoor
2521,vapor
2522,error
2523,furor
2524,juror
2525,visor
2526,gator
2527,actor
2528,motor
2529,rotor
2530,tutor
2531,favor
2532,savor
2533,mayor
2534,razor
2535,shirr
2536,instr
2537,occur
2538,recur
2539,incur
2540,augur
2541,demur
2542,femur
2543,lemur
2544,scour
2545,flour
2546,amour
2547,satyr
2548,tubas
2549,codas
2550,sodas
2551,ideas
2552,rheas
2553,fleas
2554,pleas
2555,areas
2556,treas
2557,sofas
2558,ragas
2559,sagas
2560,degas
2561,togas
2562,alias
2563,arias
2564,galas
2565,bolas
2566,colas
2567,kolas
2568,atlas
2569,hulas
2570,lamas
2571,mamas
2572,comas
2573,pumas
2574,donas
2575,tunas
2576,mynas
2577,papas
2578,tapas
2579,paras
2580,okras
2581,horas
2582,arras
2583,auras
2584,mesas
2585,visas
2586,betas
2587,zetas
2588,pitas
2589,iotas
2590,rotas
2591,skuas
2592,aquas
2593,divas
2594,vivas
2595,novas
2596,scabs
2597,blabs
2598,slabs
2599,crabs
2600,drabs
2601,grabs
2602,stabs
2603,swabs
2604,plebs
2605,cribs
2606,bulbs
2607,iambs
2608,jambs
2609,lambs
2610,limbs
2611,bombs
2612,combs
2613,tombs
2614,wombs
2615,numbs
2616,blobs
2617,globs
2618,slobs
2619,knobs
2620,snobs
2621,boobs
2622,barbs
2623,carbs
2624,garbs
2625,herbs
2626,verbs
2627,burbs
2628,curbs
2629,daubs
2630,chubs
2631,clubs
2632,flubs
2633,snubs
2634,drubs
2635,grubs
2636,stubs
2637,specs
2638,execs
2639,epics
2640,spics
2641,zincs
2642,syncs
2643,chocs
2644,blocs
2645,narcs
2646,discs
2647,scads
2648,beads
2649,heads
2650,leads
2651,reads
2652,chads
2653,shads
2654,glads
2655,goads
2656,loads
2657,roads
2658,toads
2659,brads
2660,grads
2661,quads
2662,deeds
2663,feeds
2664,heeds
2665,needs
2666,reeds
2667,seeds
2668,weeds
2669,sheds
2670,sleds
2671,coeds
2672,maids
2673,raids
2674,acids
2675,skids
2676,voids
2677,grids
2678,quids
2679,balds
2680,gelds
2681,melds
2682,velds
2683,welds
2684,gilds
2685,wilds
2686,colds
2687,folds
2688,golds
2689,holds
2690,molds
2691,wolds
2692,bands
2693,hands
2694,lands
2695,sands
2696,wands
2697,bends
2698,fends
2699,lends
2700,mends
2701,pends
2702,rends
2703,sends
2704,tends
2705,vends
2706,wends
2707,binds
2708,finds
2709,hinds
2710,kinds
2711,minds
2712,rinds
2713,winds
2714,bonds
2715,ponds
2716,funds
2717,clods
2718,plods
2719,foods
2720,goods
2721,hoods
2722,moods
2723,roods
2724,woods
2725,prods
2726,bards
2727,cards
2728,lards
2729,wards
2730,yards
2731,herds
2732,nerds
2733,birds
2734,girds
2735,cords
2736,fords
2737,lords
2738,words
2739,curds
2740,turds
2741,bauds
2742,lauds
2743,scuds
2744,feuds
2745,thuds
2746,spuds
2747,studs
2748,bawds
2749,braes
2750,babes
2751,abbes
2752,gibes
2753,jibes
2754,vibes
2755,lobes
2756,robes
2757,cubes
2758,lubes
2759,pubes
2760,rubes
2761,tubes
2762,daces
2763,faces
2764,laces
2765,maces
2766,paces
2767,races
2768,feces
2769,dices
2770,rices
2771,vices
2772,fades
2773,jades
2774,lades
2775,sades
2776,wades
2777,cedes
2778,aides
2779,bides
2780,hides
2781,rides
2782,sides
2783,tides
2784,bodes
2785,codes
2786,lodes
2787,modes
2788,nodes
2789,dudes
2790,nudes
2791,thees
2792,flees
2793,knees
2794,epees
2795,frees
2796,trees
2797,cafes
2798,safes
2799,fifes
2800,cages
2801,mages
2802,pages
2803,rages
2804,sages
2805,wages
2806,edges
2807,veges
2808,doges
2809,loges
2810,urges
2811,luges
2812,aches
2813,ashes
2814,shies
2815,skies
2816,flies
2817,plies
2818,spies
2819,cries
2820,dries
2821,fries
2822,pries
2823,tries
2824,sties
2825,ivies
2826,bakes
2827,cakes
2828,fakes
2829,hakes
2830,lakes
2831,makes
2832,rakes
2833,takes
2834,wakes
2835,pekes
2836,bikes
2837,dikes
2838,hikes
2839,kikes
2840,likes
2841,mikes
2842,pikes
2843,yikes
2844,cokes
2845,hokes
2846,jokes
2847,pokes
2848,tokes
2849,yokes
2850,dukes
2851,nukes
2852,pukes
2853,dykes
2854,tykes
2855,bales
2856,dales
2857,gales
2858,hales
2859,males
2860,pales
2861,sales
2862,tales
2863,vales
2864,wales
2865,idles
2866,ogles
2867,files
2868,miles
2869,piles
2870,riles
2871,tiles
2872,wiles
2873,boles
2874,doles
2875,holes
2876,moles
2877,poles
2878,roles
2879,soles
2880,voles
2881,isles
2882,mules
2883,pules
2884,rules
2885,axles
2886,dames
2887,games
2888,lames
2889,names
2890,sames
2891,tames
2892,acmes
2893,memes
2894,dimes
2895,limes
2896,mimes
2897,rimes
2898,times
2899,comes
2900,domes
2901,homes
2902,tomes
2903,fumes
2904,banes
2905,canes
2906,lanes
2907,manes
2908,panes
2909,vanes
2910,wanes
2911,genes
2912,dines
2913,fines
2914,kines
2915,lines
2916,mines
2917,nines
2918,pines
2919,sines
2920,tines
2921,vines
2922,wines
2923,zines
2924,bones
2925,cones
2926,hones
2927,pones
2928,tones
2929,zones
2930,dunes
2931,runes
2932,tunes
2933,oboes
2934,shoes
2935,aloes
2936,floes
2937,sloes
2938,capes
2939,gapes
2940,japes
2941,napes
2942,rapes
2943,tapes
2944,vapes
2945,pipes
2946,wipes
2947,copes
2948,dopes
2949,hopes
2950,lopes
2951,mopes
2952,popes
2953,ropes
2954,dupes
2955,hypes
2956,types
2957,bares
2958,cares
2959,dares
2960,fares
2961,hares
2962,mares
2963,pares
2964,rares
2965,tares
2966,wares
2967,acres
2968,meres
2969,ogres
2970,fires
2971,hires
2972,mires
2973,sires
2974,tires
2975,wires
2976,bores
2977,cores
2978,fores
2979,gores
2980,mores
2981,pores
2982,sores
2983,cures
2984,lures
2985,byres
2986,lyres
2987,pyres
2988,bases
2989,cases
2990,eases
2991,gases
2992,lases
2993,oases
2994,vases
2995,yeses
2996,rises
2997,sises
2998,vises
2999,wises
3000,doses
3001,hoses
3002,loses
3003,noses
3004,poses
3005,roses
3006,apses
3007,asses
3008,buses
3009,fuses
3010,muses
3011,ruses
3012,bates
3013,dates
3014,fates
3015,gates
3016,hates
3017,mates
3018,pates
3019,rates
3020,sates
3021,fetes
3022,metes
3023,bites
3024,cites
3025,gites
3026,kites
3027,mites
3028,rites
3029,sites
3030,antes
3031,cotes
3032,dotes
3033,motes
3034,notes
3035,totes
3036,votes
3037,lutes
3038,mutes
3039,bytes
3040,blues
3041,clues
3042,flues
3043,glues
3044,slues
3045,moues
3046,roues
3047,grues
3048,trues
3049,caves
3050,eaves
3051,faves
3052,haves
3053,laves
3054,naves
3055,paves
3056,raves
3057,saves
3058,waves
3059,dives
3060,fives
3061,gives
3062,hives
3063,jives
3064,lives
3065,rives
3066,wives
3067,elves
3068,coves
3069,doves
3070,loves
3071,moves
3072,roves
3073,gyves
3074,faxes
3075,maxes
3076,saxes
3077,taxes
3078,waxes
3079,hexes
3080,sexes
3081,vexes
3082,fixes
3083,mixes
3084,nixes
3085,sixes
3086,boxes
3087,coxes
3088,foxes
3089,poxes
3090,tuxes
3091,pyxes
3092,dazes
3093,fazes
3094,gazes
3095,hazes
3096,lazes
3097,mazes
3098,razes
3099,adzes
3100,sizes
3101,dozes
3102,oozes
3103,leafs
3104,loafs
3105,beefs
3106,reefs
3107,chefs
3108,fiefs
3109,clefs
3110,xrefs
3111,caffs
3112,faffs
3113,gaffs
3114,biffs
3115,diffs
3116,jiffs
3117,miffs
3118,riffs
3119,tiffs
3120,doffs
3121,toffs
3122,buffs
3123,cuffs
3124,duffs
3125,huffs
3126,luffs
3127,muffs
3128,puffs
3129,ruffs
3130,naifs
3131,waifs
3132,coifs
3133,milfs
3134,golfs
3135,wolfs
3136,gulfs
3137,goofs
3138,hoofs
3139,poofs
3140,roofs
3141,woofs
3142,profs
3143,barfs
3144,serfs
3145,surfs
3146,turfs
3147,poufs
3148,scags
3149,shags
3150,blags
3151,flags
3152,slags
3153,snags
3154,brags
3155,crags
3156,drags
3157,frags
3158,stags
3159,swags
3160,dregs
3161,yeggs
3162,brigs
3163,frigs
3164,prigs
3165,swigs
3166,twigs
3167,bangs
3168,dangs
3169,fangs
3170,gangs
3171,hangs
3172,pangs
3173,tangs
3174,dings
3175,hings
3176,kings
3177,lings
3178,pings
3179,rings
3180,sings
3181,tings
3182,wings
3183,zings
3184,bongs
3185,dongs
3186,gongs
3187,longs
3188,pongs
3189,songs
3190,tongs
3191,bungs
3192,dungs
3193,lungs
3194,mungs
3195,rungs
3196,blogs
3197,clogs
3198,flogs
3199,slogs
3200,smogs
3201,snogs
3202,frogs
3203,bergs
3204,burgs
3205,chugs
3206,thugs
3207,plugs
3208,slugs
3209,snugs
3210,drugs
3211,trugs
3212,yeahs
3213,shahs
3214,blahs
3215,ayahs
3216,techs
3217,highs
3218,sighs
3219,ankhs
3220,poohs
3221,baths
3222,laths
3223,oaths
3224,paths
3225,meths
3226,goths
3227,moths
3228,myths
3229,pubis
3230,wadis
3231,midis
3232,aegis
3233,yogis
3234,wikis
3235,delis
3236,semis
3237,penis
3238,finis
3239,minis
3240,kepis
3241,saris
3242,loris
3243,orris
3244,basis
3245,oasis
3246,yetis
3247,antis
3248,kiwis
3249,maxis
3250,taxis
3251,lexis
3252,beaks
3253,leaks
3254,peaks
3255,teaks
3256,soaks
3257,backs
3258,hacks
3259,jacks
3260,lacks
3261,packs
3262,racks
3263,sacks
3264,tacks
3265,wacks
3266,becks
3267,decks
3268,necks
3269,pecks
3270,dicks
3271,hicks
3272,kicks
3273,licks
3274,micks
3275,nicks
3276,picks
3277,ricks
3278,sicks
3279,ticks
3280,wicks
3281,cocks
3282,docks
3283,hocks
3284,jocks
3285,locks
3286,mocks
3287,pocks
3288,rocks
3289,socks
3290,bucks
3291,ducks
3292,fucks
3293,lucks
3294,mucks
3295,pucks
3296,rucks
3297,sucks
3298,tucks
3299,geeks
3300,leeks
3301,peeks
3302,reeks
3303,seeks
3304,weeks
3305,treks
3306,balks
3307,calks
3308,talks
3309,walks
3310,bilks
3311,milks
3312,silks
3313,folks
3314,yolks
3315,bulks
3316,hulks
3317,sulks
3318,banks
3319,hanks
3320,ranks
3321,tanks
3322,wanks
3323,yanks
3324,finks
3325,jinks
3326,kinks
3327,links
3328,minks
3329,oinks
3330,pinks
3331,rinks
3332,sinks
3333,winks
3334,bonks
3335,conks
3336,gonks
3337,honks
3338,monks
3339,wonks
3340,yonks
3341,bunks
3342,dunks
3343,funks
3344,hunks
3345,junks
3346,punks
3347,books
3348,cooks
3349,gooks
3350,hooks
3351,kooks
3352,looks
3353,nooks
3354,rooks
3355,groks
3356,barks
3357,harks
3358,larks
3359,marks
3360,parks
3361,berks
3362,jerks
3363,perks
3364,dirks
3365,corks
3366,dorks
3367,forks
3368,works
3369,lurks
3370,murks
3371,basks
3372,casks
3373,masks
3374,tasks
3375,desks
3376,disks
3377,risks
3378,busks
3379,husks
3380,rusks
3381,tusks
3382,souks
3383,gawks
3384,hawks
3385,deals
3386,heals
3387,meals
3388,peals
3389,reals
3390,seals
3391,teals
3392,weals
3393,dials
3394,rials
3395,vials
3396,coals
3397,foals
3398,goals
3399,opals
3400,orals
3401,ovals
3402,feels
3403,heels
3404,keels
3405,peels
3406,reels
3407,noels
3408,duels
3409,fuels
3410,bails
3411,fails
3412,hails
3413,jails
3414,mails
3415,nails
3416,pails
3417,rails
3418,sails
3419,tails
3420,wails
3421,veils
3422,boils
3423,coils
3424,foils
3425,moils
3426,roils
3427,soils
3428,toils
3429,evils
3430,balls
3431,calls
3432,falls
3433,galls
3434,halls
3435,malls
3436,palls
3437,walls
3438,bells
3439,cells
3440,dells
3441,fells
3442,jells
3443,sells
3444,tells
3445,wells
3446,yells
3447,bills
3448,dills
3449,fills
3450,gills
3451,hills
3452,kills
3453,mills
3454,pills
3455,rills
3456,sills
3457,tills
3458,wills
3459,bolls
3460,dolls
3461,lolls
3462,molls
3463,polls
3464,rolls
3465,tolls
3466,bulls
3467,culls
3468,dulls
3469,fulls
3470,gulls
3471,hulls
3472,lulls
3473,mulls
3474,nulls
3475,pulls
3476,idols
3477,viols
3478,cools
3479,fools
3480,pools
3481,tools
3482,earls
3483,girls
3484,burls
3485,curls
3486,furls
3487,hurls
3488,purls
3489,hauls
3490,mauls
3491,fouls
3492,souls
3493,bawls
3494,pawls
3495,yawls
3496,mewls
3497,bowls
3498,cowls
3499,fowls
3500,howls
3501,jowls
3502,yowls
3503,scams
3504,beams
3505,reams
3506,seams
3507,teams
3508,shams
3509,whams
3510,clams
3511,slams
3512,imams
3513,foams
3514,roams
3515,spams
3516,crams
3517,drams
3518,grams
3519,prams
3520,trams
3521,exams
3522,deems
3523,seems
3524,teems
3525,poems
3526,items
3527,stems
3528,maims
3529,shims
3530,whims
3531,skims
3532,slims
3533,brims
3534,trims
3535,swims
3536,balms
3537,calms
3538,palms
3539,helms
3540,films
3541,booms
3542,dooms
3543,looms
3544,rooms
3545,zooms
3546,proms
3547,atoms
3548,farms
3549,harms
3550,warms
3551,berms
3552,germs
3553,perms
3554,terms
3555,firms
3556,corms
3557,dorms
3558,forms
3559,norms
3560,worms
3561,scums
3562,chums
3563,alums
3564,plums
3565,slums
3566,arums
3567,drums
3568,naans
3569,scans
3570,beans
3571,deans
3572,jeans
3573,leans
3574,means
3575,weans
3576,khans
3577,clans
3578,flans
3579,glans
3580,plans
3581,koans
3582,loans
3583,moans
3584,roans
3585,spans
3586,grans
3587,trans
3588,swans
3589,keens
3590,peens
3591,teens
3592,weens
3593,whens
3594,liens
3595,miens
3596,glens
3597,omens
3598,opens
3599,wrens
3600,evens
3601,ovens
3602,signs
3603,johns
3604,gains
3605,mains
3606,pains
3607,rains
3608,wains
3609,reins
3610,veins
3611,chins
3612,shins
3613,thins
3614,skins
3615,coins
3616,joins
3617,loins
3618,spins
3619,grins
3620,quins
3621,ruins
3622,twins
3623,kilns
3624,damns
3625,limns
3626,hymns
3627,banns
3628,icons
3629,peons
3630,lions
3631,anons
3632,boons
3633,coons
3634,goons
3635,loons
3636,moons
3637,irons
3638,trons
3639,axons
3640,exons
3641,barns
3642,darns
3643,earns
3644,tarns
3645,warns
3646,yarns
3647,ferns
3648,terns
3649,corns
3650,horns
3651,morns
3652,burns
3653,turns
3654,fauns
3655,shuns
3656,nouns
3657,stuns
3658,dawns
3659,fawns
3660,lawns
3661,pawns
3662,yawns
3663,downs
3664,gowns
3665,towns
3666,chaos
3667,ciaos
3668,hobos
3669,tacos
3670,cocos
3671,locos
3672,lidos
3673,dodos
3674,kudos
3675,dagos
3676,logos
3677,echos
3678,cohos
3679,ethos
3680,adios
3681,trios
3682,halos
3683,kilos
3684,lilos
3685,silos
3686,solos
3687,demos
3688,memos
3689,limos
3690,homos
3691,winos
3692,shoos
3693,capos
3694,expos
3695,hypos
3696,typos
3697,taros
3698,zeros
3699,giros
3700,euros
3701,gyros
3702,tyros
3703,pesos
3704,jatos
3705,altos
3706,autos
3707,kayos
3708,bozos
3709,ouzos
3710,heaps
3711,leaps
3712,neaps
3713,reaps
3714,chaps
3715,claps
3716,flaps
3717,slaps
3718,snaps
3719,soaps
3720,craps
3721,traps
3722,wraps
3723,swaps
3724,beeps
3725,deeps
3726,jeeps
3727,keeps
3728,peeps
3729,seeps
3730,veeps
3731,weeps
3732,greps
3733,preps
3734,steps
3735,chips
3736,ships
3737,whips
3738,skips
3739,blips
3740,clips
3741,flips
3742,slips
3743,snips
3744,drips
3745,grips
3746,trips
3747,quips
3748,helps
3749,yelps
3750,gulps
3751,pulps
3752,camps
3753,damps
3754,lamps
3755,ramps
3756,tamps
3757,vamps
3758,temps
3759,gimps
3760,limps
3761,pimps
3762,wimps
3763,comps
3764,romps
3765,bumps
3766,dumps
3767,humps
3768,jumps
3769,lumps
3770,mumps
3771,pumps
3772,rumps
3773,sumps
3774,chops
3775,shops
3776,whops
3777,clops
3778,flops
3779,plops
3780,slops
3781,coops
3782,hoops
3783,loops
3784,poops
3785,crops
3786,drops
3787,props
3788,stops
3789,carps
3790,harps
3791,tarps
3792,warps
3793,corps
3794,gorps
3795,burps
3796,turps
3797,gasps
3798,hasps
3799,rasps
3800,wasps
3801,lisps
3802,wisps
3803,cusps
3804,whups
3805,coups
3806,soups
3807,gawps
3808,scars
3809,bears
3810,dears
3811,fears
3812,gears
3813,hears
3814,nears
3815,pears
3816,rears
3817,sears
3818,tears
3819,wears
3820,years
3821,chars
3822,liars
3823,boars
3824,roars
3825,soars
3826,spars
3827,stars
3828,czars
3829,beers
3830,jeers
3831,leers
3832,peers
3833,seers
3834,veers
3835,biers
3836,piers
3837,tiers
3838,doers
3839,goers
3840,hoers
3841,users
3842,avers
3843,overs
3844,ewers
3845,dyers
3846,fairs
3847,hairs
3848,lairs
3849,pairs
3850,heirs
3851,weirs
3852,whirs
3853,emirs
3854,stirs
3855,odors
3856,boors
3857,doors
3858,moors
3859,hdqrs
3860,burrs
3861,purrs
3862,blurs
3863,slurs
3864,fours
3865,hours
3866,lours
3867,pours
3868,sours
3869,tours
3870,yours
3871,spurs
3872,class
3873,glass
3874,amass
3875,brass
3876,crass
3877,grass
3878,chess
3879,bless
3880,cress
3881,dress
3882,press
3883,tress
3884,guess
3885,bliss
3886,amiss
3887,floss
3888,gloss
3889,cross
3890,dross
3891,gross
3892,truss
3893,abyss
3894,scats
3895,beats
3896,feats
3897,heats
3898,meats
3899,seats
3900,teats
3901,chats
3902,ghats
3903,whats
3904,fiats
3905,blats
3906,flats
3907,plats
3908,slats
3909,gnats
3910,boats
3911,coats
3912,goats
3913,moats
3914,spats
3915,brats
3916,frats
3917,prats
3918,stats
3919,swats
3920,twats
3921,debts
3922,facts
3923,pacts
3924,sects
3925,ducts
3926,abets
3927,beets
3928,meets
3929,whets
3930,diets
3931,poets
3932,frets
3933,stets
3934,duets
3935,hafts
3936,rafts
3937,wafts
3938,hefts
3939,lefts
3940,wefts
3941,gifts
3942,lifts
3943,rifts
3944,sifts
3945,lofts
3946,tufts
3947,bahts
3948,baits
3949,gaits
3950,waits
3951,obits
3952,edits
3953,chits
3954,shits
3955,whits
3956,skits
3957,clits
3958,flits
3959,slits
3960,emits
3961,omits
3962,knits
3963,snits
3964,units
3965,spits
3966,grits
3967,writs
3968,quits
3969,suits
3970,twits
3971,exits
3972,halts
3973,malts
3974,salts
3975,belts
3976,felts
3977,melts
3978,pelts
3979,welts
3980,gilts
3981,hilts
3982,jilts
3983,kilts
3984,lilts
3985,milts
3986,silts
3987,tilts
3988,wilts
3989,bolts
3990,colts
3991,dolts
3992,jolts
3993,molts
3994,volts
3995,cults
3996,cants
3997,pants
3998,rants
3999,wants
4000,bents
4001,cents
4002,dents
4003,gents
4004,rents
4005,tents
4006,vents
4007,hints
4008,lints
4009,mints
4010,pints
4011,tints
4012,fonts
4013,aunts
4014,bunts
4015,cunts
4016,hunts
4017,punts
4018,runts
4019,shots
4020,riots
4021,blots
4022,clots
4023,plots
4024,slots
4025,knots
4026,snots
4027,boots
4028,coots
4029,foots
4030,hoots
4031,loots
4032,moots
4033,roots
4034,toots
4035,spots
4036,trots
4037,swots
4038,carts
4039,darts
4040,farts
4041,harts
4042,karts
4043,marts
4044,parts
4045,tarts
4046,warts
4047,certs
4048,girts
4049,forts
4050,ports
4051,sorts
4052,torts
4053,hurts
4054,yurts
4055,casts
4056,fasts
4057,lasts
4058,masts
4059,pasts
4060,vasts
4061,bests
4062,fests
4063,jests
4064,nests
4065,pests
4066,rests
4067,tests
4068,vests
4069,zests
4070,fists
4071,lists
4072,mists
4073,costs
4074,hosts
4075,posts
4076,busts
4077,dusts
4078,gusts
4079,lusts
4080,musts
4081,ousts
4082,rusts
4083,cysts
4084,watts
4085,setts
4086,mitts
4087,butts
4088,mutts
4089,putts
4090,abuts
4091,shuts
4092,gluts
4093,sluts
4094,smuts
4095,bouts
4096,louts
4097,pouts
4098,routs
4099,touts
4100,newts
4101,texts
4102,beaus
4103,luaus
4104,rebus
4105,zebus
4106,ficus
4107,focus
4108,locus
4109,mucus
4110,magus
4111,vagus
4112,bogus
4113,talus
4114,illus
4115,bolus
4116,lulus
4117,humus
4118,genus
4119,menus
4120,minus
4121,sinus
4122,bonus
4123,thous
4124,pious
4125,lupus
4126,virus
4127,torus
4128,gurus
4129,ictus
4130,fetus
4131,lotus
4132,tutus
4133,nevus
4134,nexus
4135,shivs
4136,spivs
4137,pervs
4138,thaws
4139,claws
4140,flaws
4141,gnaws
4142,craws
4143,draws
4144,chews
4145,shews
4146,thews
4147,views
4148,skews
4149,clews
4150,slews
4151,spews
4152,brews
4153,crews
4154,trews
4155,stews
4156,scows
4157,meows
4158,chows
4159,dhows
4160,shows
4161,blows
4162,flows
4163,glows
4164,plows
4165,slows
4166,knows
4167,snows
4168,brows
4169,crows
4170,grows
4171,prows
4172,trows
4173,stows
4174,avows
4175,shays
4176,okays
4177,flays
4178,plays
4179,slays
4180,spays
4181,brays
4182,crays
4183,drays
4184,frays
4185,grays
4186,prays
4187,trays
4188,stays
4189,quays
4190,sways
4191,obeys
4192,joeys
4193,preys
4194,treys
4195,polys
4196,cloys
4197,ploys
4198,troys
4199,buoys
4200,ducat
4201,cheat
4202,wheat
4203,bleat
4204,cleat
4205,pleat
4206,great
4207,treat
4208,sweat
4209,begat
4210,eclat
4211,splat
4212,shoat
4213,bloat
4214,float
4215,gloat
4216,groat
4217,stoat
4218,expat
4219,carat
4220,karat
4221,sprat
4222,resat
4223,squat
4224,doubt
4225,react
4226,enact
4227,bract
4228,tract
4229,exact
4230,eject
4231,elect
4232,erect
4233,edict
4234,evict
4235,mulct
4236,eruct
4237,facet
4238,cadet
4239,bidet
4240,sheet
4241,skeet
4242,fleet
4243,sleet
4244,greet
4245,sweet
4246,tweet
4247,beget
4248,quiet
4249,valet
4250,filet
4251,inlet
4252,islet
4253,owlet
4254,unmet
4255,comet
4256,tenet
4257,caret
4258,beret
4259,egret
4260,beset
4261,reset
4262,inset
4263,onset
4264,unset
4265,upset
4266,asset
4267,octet
4268,motet
4269,bluet
4270,cruet
4271,civet
4272,rivet
4273,covet
4274,duvet
4275,abaft
4276,shaft
4277,craft
4278,draft
4279,graft
4280,theft
4281,cleft
4282,shift
4283,drift
4284,swift
4285,delft
4286,aloft
4287,croft
4288,cruft
4289,yacht
4290,bight
4291,eight
4292,fight
4293,light
4294,might
4295,night
4296,right
4297,sight
4298,tight
4299,wight
4300,aught
4301,ought
4302,plait
4303,trait
4304,await
4305,habit
4306,debit
4307,ambit
4308,orbit
4309,cubit
4310,tacit
4311,licit
4312,audit
4313,befit
4314,refit
4315,unfit
4316,legit
4317,digit
4318,unlit
4319,split
4320,admit
4321,remit
4322,limit
4323,vomit
4324,innit
4325,quoit
4326,pipit
4327,merit
4328,resit
4329,visit
4330,posit
4331,bruit
4332,fruit
4333,davit
4334,pewit
4335,dealt
4336,shalt
4337,exalt
4338,smelt
4339,knelt
4340,dwelt
4341,atilt
4342,stilt
4343,built
4344,guilt
4345,quilt
4346,fault
4347,vault
4348,adult
4349,exult
4350,scant
4351,meant
4352,chant
4353,giant
4354,plant
4355,slant
4356,grant
4357,scent
4358,agent
4359,anent
4360,spent
4361,stent
4362,event
4363,faint
4364,paint
4365,saint
4366,taint
4367,feint
4368,skint
4369,flint
4370,glint
4371,joint
4372,point
4373,print
4374,stint
4375,quint
4376,front
4377,burnt
4378,daunt
4379,gaunt
4380,haunt
4381,jaunt
4382,taunt
4383,vaunt
4384,shunt
4385,blunt
4386,count
4387,fount
4388,mount
4389,brunt
4390,grunt
4391,stunt
4392,jabot
4393,sabot
4394,abbot
4395,robot
4396,picot
4397,ascot
4398,fagot
4399,begot
4400,bigot
4401,ingot
4402,argot
4403,ergot
4404,idiot
4405,helot
4406,pilot
4407,allot
4408,scoot
4409,afoot
4410,shoot
4411,snoot
4412,depot
4413,tarot
4414,besot
4415,divot
4416,pivot
4417,adapt
4418,inapt
4419,adept
4420,slept
4421,inept
4422,crept
4423,swept
4424,tempt
4425,adopt
4426,erupt
4427,crypt
4428,heart
4429,chart
4430,smart
4431,apart
4432,start
4433,quart
4434,chert
4435,alert
4436,inert
4437,avert
4438,overt
4439,exert
4440,shirt
4441,skirt
4442,flirt
4443,quirt
4444,abort
4445,short
4446,snort
4447,sport
4448,blurt
4449,court
4450,spurt
4451,beast
4452,feast
4453,least
4454,yeast
4455,blast
4456,boast
4457,coast
4458,roast
4459,toast
4460,avast
4461,hadst
4462,didst
4463,midst
4464,weest
4465,chest
4466,crest
4467,wrest
4468,guest
4469,quest
4470,angst
4471,waist
4472,deist
4473,heist
4474,whist
4475,foist
4476,hoist
4477,joist
4478,moist
4479,grist
4480,wrist
4481,twist
4482,exist
4483,canst
4484,ghost
4485,boost
4486,roost
4487,frost
4488,first
4489,worst
4490,burst
4491,durst
4492,wurst
4493,joust
4494,roust
4495,crust
4496,trust
4497,mayst
4498,tryst
4499,beaut
4500,kraut
4501,debut
4502,rebut
4503,uncut
4504,gamut
4505,about
4506,scout
4507,shout
4508,clout
4509,flout
4510,snout
4511,spout
4512,grout
4513,trout
4514,stout
4515,kaput
4516,input
4517,strut
4518,twixt
4519,adieu
4520,snafu
4521,fichu
4522,sadhu
4523,haiku
4524,bijou
4525,bayou
4526,coypu
4527,kudzu
4528,equiv
4529,clxiv
4530,xxxiv
4531,macaw
4532,pshaw
4533,bylaw
4534,straw
4535,squaw
4536,askew
4537,renew
4538,sinew
4539,screw
4540,shrew
4541,threw
4542,strew
4543,resew
4544,elbow
4545,oxbow
4546,widow
4547,endow
4548,nohow
4549,below
4550,aglow
4551,allow
4552,throw
4553,arrow
4554,resow
4555,relax
4556,borax
4557,index
4558,codex
4559,regex
4560,telex
4561,annex
4562,latex
4563,affix
4564,infix
4565,unfix
4566,helix
4567,admix
4568,remix
4569,clxix
4570,xxxix
4571,inbox
4572,phlox
4573,xerox
4574,detox
4575,calyx
4576,decay
4577,today
4578,belay
4579,delay
4580,relay
4581,allay
4582,inlay
4583,splay
4584,repay
4585,copay
4586,foray
4587,moray
4588,spray
4589,array
4590,stray
4591,unsay
4592,assay
4593,essay
4594,satay
4595,noway
4596,byway
4597,cabby
4598,gabby
4599,tabby
4600,bobby
4601,hobby
4602,lobby
4603,hubby
4604,nubby
4605,tubby
4606,rugby
4607,nimby
4608,booby
4609,derby
4610,busby
4611,flyby
4612,baccy
4613,spicy
4614,juicy
4615,fancy
4616,poncy
4617,mercy
4618,saucy
4619,beady
4620,heady
4621,ready
4622,shady
4623,toady
4624,daddy
4625,faddy
4626,paddy
4627,teddy
4628,biddy
4629,giddy
4630,middy
4631,noddy
4632,toddy
4633,buddy
4634,muddy
4635,ruddy
4636,needy
4637,reedy
4638,seedy
4639,weedy
4640,baldy
4641,moldy
4642,bandy
4643,candy
4644,dandy
4645,handy
4646,randy
4647,sandy
4648,bendy
4649,windy
4650,goody
4651,moody
4652,woody
4653,hardy
4654,lardy
4655,tardy
4656,nerdy
4657,wordy
4658,gaudy
4659,study
4660,bawdy
4661,dowdy
4662,howdy
4663,rowdy
4664,abbey
4665,pacey
4666,dicey
4667,cagey
4668,bogey
4669,hokey
4670,jokey
4671,pokey
4672,alley
4673,coley
4674,holey
4675,samey
4676,limey
4677,homey
4678,piney
4679,honey
4680,money
4681,gooey
4682,hooey
4683,dopey
4684,mopey
4685,mosey
4686,matey
4687,cutey
4688,gluey
4689,covey
4690,lovey
4691,leafy
4692,beefy
4693,daffy
4694,taffy
4695,jiffy
4696,niffy
4697,huffy
4698,puffy
4699,edify
4700,deify
4701,unify
4702,comfy
4703,goofy
4704,turfy
4705,stagy
4706,sedgy
4707,ridgy
4708,dodgy
4709,pudgy
4710,elegy
4711,baggy
4712,saggy
4713,leggy
4714,piggy
4715,boggy
4716,doggy
4717,foggy
4718,moggy
4719,soggy
4720,buggy
4721,fuggy
4722,muggy
4723,bulgy
4724,mangy
4725,rangy
4726,tangy
4727,dingy
4728,mingy
4729,zingy
4730,gungy
4731,porgy
4732,lurgy
4733,itchy
4734,duchy
4735,washy
4736,dishy
4737,fishy
4738,bushy
4739,cushy
4740,gushy
4741,mushy
4742,pushy
4743,rushy
4744,pithy
4745,leaky
4746,peaky
4747,shaky
4748,flaky
4749,snaky
4750,quaky
4751,tacky
4752,wacky
4753,kicky
4754,picky
4755,cocky
4756,rocky
4757,ducky
4758,lucky
4759,mucky
4760,yucky
4761,geeky
4762,spiky
4763,yukky
4764,balky
4765,talky
4766,milky
4767,silky
4768,bulky
4769,sulky
4770,lanky
4771,manky
4772,dinky
4773,kinky
4774,honky
4775,wonky
4776,funky
4777,gunky
4778,hunky
4779,smoky
4780,hooky
4781,kooky
4782,nooky
4783,narky
4784,parky
4785,sarky
4786,jerky
4787,perky
4788,dorky
4789,porky
4790,murky
4791,pesky
4792,risky
4793,dusky
4794,husky
4795,musky
4796,fluky
4797,gawky
4798,scaly
4799,mealy
4800,nobly
4801,badly
4802,madly
4803,sadly
4804,oddly
4805,godly
4806,daily
4807,gaily
4808,icily
4809,doily
4810,bally
4811,dally
4812,pally
4813,rally
4814,sally
4815,tally
4816,wally
4817,belly
4818,jelly
4819,telly
4820,welly
4821,billy
4822,dilly
4823,filly
4824,hilly
4825,silly
4826,willy
4827,dolly
4828,folly
4829,golly
4830,holly
4831,jolly
4832,lolly
4833,molly
4834,bully
4835,dully
4836,fully
4837,gully
4838,sully
4839,dimly
4840,manly
4841,wanly
4842,haply
4843,reply
4844,amply
4845,imply
4846,apply
4847,early
4848,girly
4849,burly
4850,curly
4851,surly
4852,wetly
4853,fitly
4854,hotly
4855,aptly
4856,truly
4857,newly
4858,jowly
4859,lowly
4860,laxly
4861,shyly
4862,slyly
4863,coyly
4864,dryly
4865,wryly
4866,seamy
4867,foamy
4868,loamy
4869,enemy
4870,pygmy
4871,slimy
4872,grimy
4873,balmy
4874,palmy
4875,filmy
4876,gammy
4877,hammy
4878,jammy
4879,mammy
4880,jemmy
4881,jimmy
4882,mommy
4883,pommy
4884,dummy
4885,gummy
4886,mummy
4887,rummy
4888,tummy
4889,yummy
4890,roomy
4891,barmy
4892,wormy
4893,plumy
4894,spumy
4895,meany
4896,teeny
4897,weeny
4898,rainy
4899,shiny
4900,whiny
4901,spiny
4902,briny
4903,canny
4904,fanny
4905,nanny
4906,jenny
4907,penny
4908,finny
4909,ninny
4910,pinny
4911,tinny
4912,bonny
4913,sonny
4914,bunny
4915,funny
4916,gunny
4917,runny
4918,sunny
4919,tunny
4920,ebony
4921,peony
4922,agony
4923,phony
4924,loony
4925,crony
4926,irony
4927,stony
4928,carny
4929,ferny
4930,corny
4931,horny
4932,tawny
4933,downy
4934,decoy
4935,enjoy
4936,alloy
4937,annoy
4938,savoy
4939,envoy
4940,soapy
4941,weepy
4942,pulpy
4943,campy
4944,gimpy
4945,wimpy
4946,bumpy
4947,dumpy
4948,jumpy
4949,lumpy
4950,loopy
4951,happy
4952,nappy
4953,pappy
4954,sappy
4955,zappy
4956,peppy
4957,dippy
4958,hippy
4959,lippy
4960,nippy
4961,zippy
4962,poppy
4963,soppy
4964,guppy
4965,puppy
4966,harpy
4967,raspy
4968,wispy
4969,soupy
4970,scary
4971,deary
4972,teary
4973,weary
4974,chary
4975,diary
4976,hoary
4977,ovary
4978,decry
4979,beery
4980,leery
4981,fiery
4982,emery
4983,query
4984,every
4985,angry
4986,dairy
4987,fairy
4988,hairy
4989,spiry
4990,glory
4991,story
4992,ivory
4993,carry
4994,harry
4995,marry
4996,parry
4997,tarry
4998,berry
4999,ferry
5000,merry
5001,terry
5002,lorry
5003,sorry
5004,worry
5005,curry
5006,furry
5007,hurry
5008,retry
5009,entry
5010,usury
5011,dowry
5012,sudsy
5013,poesy
5014,daisy
5015,noisy
5016,palsy
5017,pansy
5018,tansy
5019,prosy
5020,tipsy
5021,gypsy
5022,gassy
5023,sassy
5024,messy
5025,sissy
5026,bossy
5027,mossy
5028,fussy
5029,gussy
5030,hussy
5031,mussy
5032,pussy
5033,wussy
5034,patsy
5035,ditsy
5036,antsy
5037,artsy
5038,gutsy
5039,lousy
5040,mousy
5041,newsy
5042,meaty
5043,peaty
5044,platy
5045,piety
5046,suety
5047,hefty
5048,lefty
5049,fifty
5050,nifty
5051,lofty
5052,softy
5053,laity
5054,deity
5055,amity
5056,unity
5057,malty
5058,salty
5059,silty
5060,linty
5061,minty
5062,runty
5063,zloty
5064,booty
5065,footy
5066,sooty
5067,empty
5068,party
5069,tarty
5070,warty
5071,dirty
5072,forty
5073,hasty
5074,nasty
5075,pasty
5076,tasty
5077,testy
5078,zesty
5079,misty
5080,busty
5081,dusty
5082,fusty
5083,gusty
5084,lusty
5085,musty
5086,rusty
5087,batty
5088,catty
5089,fatty
5090,natty
5091,patty
5092,ratty
5093,tatty
5094,jetty
5095,petty
5096,bitty
5097,ditty
5098,kitty
5099,titty
5100,witty
5101,dotty
5102,potty
5103,butty
5104,gutty
5105,nutty
5106,putty
5107,rutty
5108,gouty
5109,sixty
5110,heavy
5111,gravy
5112,chivy
5113,privy
5114,nervy
5115,curvy
5116,navvy
5117,savvy
5118,bevvy
5119,divvy
5120,chewy
5121,showy
5122,blowy
5123,snowy
5124,epoxy
5125,proxy
5126,crazy
5127,boozy
5128,woozy
5129,ritzy
5130,gauzy
5131,jazzy
5132,dizzy
5133,fizzy
5134,tizzy
5135,fuzzy
5136,muzzy
5137,topaz
5138,warez
5139,blitz
5140,glitz
5141,fritz
5142,waltz
5143,hertz
5144,klutz
5145,pzazz
5146,frizz
5147,swizz
5148,abuzz
